{
    "15": [-122.3942, 37.79539],
    "30": [-122.3953, 37.77660],
    "6": [-122.4032, 37.80477],
    "67": [-122.3955, 37.77664],
    "21": [-122.4008, 37.78963],
    "58": [-122.4174, 37.77662],
    "81": [-122.3932, 37.77588],
    "3": [-122.4049, 37.78638],
    "16": [-122.3944, 37.79413],
    "22": [-122.3946, 37.78976],
    "5": [-122.4084, 37.78390],
    "17": [-122.3971, 37.79225],
    "50": [-122.3903, 37.78053],
    "90": [-122.4027, 37.77106],
    "66": [-122.3927, 37.77874],
    "23": [-122.391, 37.79146],
    "44": [-122.4117, 37.78107],
    "25": [-122.3974, 37.78752],
    "48": [-122.3927, 37.78241],
    "182": [-122.2682, 37.80901],
    "19": [-122.4035, 37.78898],
    "24": [-122.3904, 37.78968],
    "20": [-122.3991, 37.79130],
    "45": [-122.4051, 37.78175],
    "324": [-122.4085, 37.78830],
    "59": [-122.419, 37.77481],
    "28": [-122.3881, 37.78717],
    "98": [-122.4219, 37.76505],
    "27": [-122.3919, 37.78806],
    "8": [-122.3985, 37.79995]
  }